{"울산": [[-1.1464762128775088, -0.8848146877299038, 0.35694465552298793, 1.3432111816603465, 0.11671339836773158, 0.7893167696472376, 0.7515330421425523, 2.4198892442075817, 1.226224229498734, 1.530512696707783, -1.0840839964319242, -0.21807970912281135, -0.612078510224905], [0.6593723296860285, 1.3244967296819297, 1.072402954065768, 0.4376420833981133, 0.7717449018223229, 0.533447255658424, 1.0840891481270296, -0.20846207463002978, -1.71771249831564, -1.2041533716745059, -0.54000368564815, -0.13098152882064193, -1.1289448077481583], [0.6593723296860285, 1.3244967296819297, -0.35851364301979227, 0.4376420833981133, 0.11671339836773158, 0.14964298467520126, 0.7515330421425523, -0.20846207463002978, -1.3924616983588112, 0.4726583328068156, -0.9934039446346284, 0.21741119238803575, -1.3873779565097848], [-0.24355194159574015, 0.21984102097601305, 0.11845855600872784, 0.4376420833981133, 0.4442291500950272, 0.8532841481444422, 1.0840891481270296, 1.1682933780944333, -0.9587939650830393, -0.3151055552045432, -0.9934039446346284, -0.13098152882064193, -1.1289448077481583], [2.465220872249566, 2.4291524383878467, 0.595430755037248, 0.4376420833981133, 0.11671339836773158, 0.8053086142715377, -0.24613527581087946, 0.135726788551086, 0.5924021577879905, -1.0240930544147666, -1.1747640482292199, -1.0019633318423362, -0.612078510224905]], "수원삼성": [[-1.1464762128775088, -0.8848146877299038, -0.8354858420483124, -0.9207115639952367, -0.8658338568141554, 0.30956143091821037, 0.0864208301735978, -0.6778105244224604, 1.226224229498734, -0.2363291664034078, 0.9108771431085808, -0.4793742500293196, -1.1289448077481583], [0.6593723296860285, 0.21984102097601305, -0.5969997425340524, -0.015142465733003381, 0.4442291500950272, -1.0177616728987648, -0.24613527581087946, -0.8342600076866039, 0.0002789065845328774, -0.14629900777353774, 0.45747688412210236, -0.04388334851847251, -0.8705116589865316], [1.5622966009677972, 1.3244967296819297, 0.35694465552298793, 0.8904266325292299, -0.8658338568141554, -2.4570276890858467, 0.7515330421425523, -1.3036084574790345, 1.6015136140643058, -1.0128392845860326, -0.08660342666167169, -0.04388334851847251, -1.3873779565097848], [-0.24355194159574015, -0.8848146877299038, 0.833916854551508, 0.4376420833981133, 1.4267764052769143, -2.1371907965998282, -0.24613527581087946, -0.8968398009922613, 1.393019511527877, 0.7990176578400926, 2.0897178164734247, 0.13031301208586635, -0.612078510224905], [-1.1464762128775088, -0.8848146877299038, -0.8354858420483124, -1.3734961131263532, -0.8658338568141554, -1.5614843901249966, -0.5786913817953567, -1.3348983541318633, -0.24157425235772434, -0.7089874992102225, 1.7269976092842418, -0.13098152882064193, 0.16322093605997473]], "포항": [[-0.24355194159574015, -0.8848146877299038, 0.833916854551508, -0.015142465733003381, 1.7542921570042098, 1.2210965745033626, 0.7515330421425523, -0.36491155789417334, 2.0852199319488203, 1.2266609113319726, -1.3561241518238112, -1.0890615121445055, -1.1289448077481583], [-1.1464762128775088, -0.8848146877299038, 0.11845855600872784, 0.8904266325292299, -0.2108023533595641, 0.5974146341556263, 0.0864208301735978, 0.7928146182604889, 1.718270311484705, 1.2041533716745059, -0.8120438410400371, 0.30450937269020517, -0.09521221270165185], [-0.24355194159574015, 0.21984102097601305, -0.5969997425340524, -0.9207115639952367, -0.8658338568141554, 0.8532841481444422, 0.0864208301735978, -0.7403903177281178, -1.9762451854608114, 1.7330805536249898, -0.9027238928373328, -0.9148651515401667, 0.16322093605997473], [-1.1464762128775088, -0.8848146877299038, -0.35851364301979227, 0.4376420833981133, -0.5383181050868597, 1.0611781282603536, -0.24613527581087946, 0.6363651349963454, 0.5924021577879905, -0.1800603172597393, -0.9934039446346284, -0.5664724303314891, -0.35364536146327846], [-1.1464762128775088, -0.8848146877299038, 0.11845855600872784, -0.015142465733003381, 0.11671339836773158, 1.0132025943874514, -0.24613527581087946, 0.04185709859259989, 0.20043324501950435, 1.3729599191055113, -1.2654441000265155, -0.8277669712379973, -0.09521221270165185]], "제주": [[0.6593723296860285, 0.21984102097601305, -1.0739719415625726, -0.9207115639952367, -0.8658338568141554, -0.3780878879267283, -0.911247487779834, -0.5526509378111456, -0.9254349086772108, 2.374545433862809, -0.35864358205355873, -0.6535706106336585, -1.1289448077481583], [-0.24355194159574015, 0.21984102097601305, -1.5509441405910926, -0.46792701486412003, -1.193349608541451, -1.033753517523067, -0.5786913817953567, -1.3974781474375206, 2.7774203523697634, 0.14629900777353774, -1.2654441000265155, 0.30450937269020517, -1.3873779565097848], [0.6593723296860285, 0.21984102097601305, 0.11845855600872784, 0.8904266325292299, 0.7717449018223229, 0.6613820126528308, 0.4189769361580751, -0.615230731116803, -0.5918443446189249, 1.4967513872215812, -1.0840839964319242, -0.13098152882064193, 0.6800872335832279], [-1.1464762128775088, -0.8848146877299038, -0.12002754350553223, 0.8904266325292299, -0.2108023533595641, 0.5014635664098217, -1.2438035937643113, -0.9594195942979188, -0.9587939650830393, 1.2041533716745059, -1.3561241518238112, 0.13031301208586635, -0.09521221270165185], [-0.24355194159574015, 0.21984102097601305, 0.35694465552298793, -0.015142465733003381, -1.5208653602687467, 0.34154512016681265, 1.0840891481270296, 0.2608863751624008, 0.692479327005476, -0.4726583328068156, -1.1747640482292199, -0.04388334851847251, -0.09521221270165185]], "전북": [[-1.1464762128775088, -0.8848146877299038, 1.5493751530942883, -0.46792701486412003, 1.7542921570042098, 1.1411373513818581, 2.0817574660804614, 1.230873171400091, 1.6682317268759628, 1.7668418631111906, -1.0840839964319242, 0.043214831783696915, -0.8705116589865316], [-1.1464762128775088, -0.8848146877299038, 0.595430755037248, -0.9207115639952367, 1.0992606535496185, 1.2370884191276628, 1.0840891481270296, 2.3260195542490956, -2.7768625392006974, -0.14629900777353774, -1.0840839964319242, -1.0019633318423362, -0.35364536146327846], [-1.1464762128775088, -0.8848146877299038, -1.7894302401053528, -1.8262806622574699, -1.8483811119960425, 0.06968376155369671, -1.9089158057332658, -0.7403903177281178, 0.3755682911501046, -0.12379146811607082, -1.1747640482292199, -0.21807970912281135, -0.8705116589865316], [1.5622966009677972, 1.3244967296819297, 0.595430755037248, 2.24878027992258, 0.4442291500950272, 0.7893167696472376, 0.7515330421425523, 1.0431337914831185, 1.393019511527877, -1.2379146811607067, -1.0840839964319242, 0.043214831783696915, -1.1289448077481583], [-0.24355194159574015, 0.21984102097601305, 0.35694465552298793, -0.46792701486412003, 0.7717449018223229, -0.4740389556725352, 0.4189769361580751, -1.6790872173129792, 0.3505489988457334, 1.0128392845860326, -0.08660342666167169, 0.30450937269020517, 1.9722529773913609]],